{
  "project_info": {
    "project_number": "1066570362391",
    "project_id": "login-f0d52",
    "storage_bucket": "login-f0d52.appspot.com"
  },
  "client": [
    {
      "client_info": {
        "mobilesdk_app_id": "1:1066570362391:android:ddf524bc41c18117413652",
        "android_client_info": {
          "package_name": "com.example.login"
        }
      },
      "oauth_client": [
        {
          "client_id": "1066570362391-tnbesb27cocdu781egk7q42jn2lu2pp5.apps.googleusercontent.com",
          "client_type": 3
        }
      ],
      "api_key": [
        {
          "current_key": "AIzaSyCmUt9lsDPIiAd6HAEDWUvONThkExxz-Bk"
        }
      ],
      "services": {
        "appinvite_service": {
          "other_platform_oauth_client": [
            {
              "client_id": "1066570362391-tnbesb27cocdu781egk7q42jn2lu2pp5.apps.googleusercontent.com",
              "client_type": 3
            }
          ]
        }
      }
    }
  ],
  "configuration_version": "1"
}